Date,Open*,High,Low,Close**,Volume,Market Cap
2018-11-09,0.051335,0.051897,0.044814,0.047031,"2,211","1,830,765"
2018-11-08,0.048294,0.05165,0.047732,0.051332,63,"1,998,194"
2018-11-07,0.049243,0.051325,0.048131,0.048327,"2,228","1,881,207"
2018-11-06,0.048273,0.052987,0.048273,0.049245,670,"1,912,181"
2018-11-05,0.050888,0.05214,0.043988,0.048088,919,"1,871,907"
2018-11-04,0.048905,0.050898,0.048521,0.050888,35,"1,980,899"
2018-11-03,0.051089,0.051362,0.048013,0.048905,298,"1,903,734"
2018-11-02,0.05247,0.052516,0.050652,0.051089,406,"1,988,735"
2018-11-01,0.045201,0.05344,0.045144,0.05247,"1,539","2,042,508"
2018-10-31,0.04578,0.046709,0.044863,0.045201,694,"1,759,529"
2018-10-30,0.049462,0.053605,0.045606,0.045625,759,"1,776,023"
2018-10-29,0.044286,0.050401,0.044049,0.049456,975,"1,925,147"
2018-10-28,0.04901,0.053798,0.043823,0.04451,500,"1,732,631"
2018-10-27,0.047622,0.055387,0.047607,0.048748,925,"1,897,599"
2018-10-26,0.050846,0.053634,0.044479,0.047806,"1,624","1,860,938"
2018-10-25,0.053566,0.053775,0.050669,0.050929,"2,048","1,982,514"
2018-10-24,0.049411,0.05597,0.047904,0.053542,"4,700","2,084,218"
2018-10-23,0.045378,0.055909,0.045269,0.049636,"1,789","1,932,189"
2018-10-22,0.044118,0.049319,0.04374,0.045382,586,"1,766,563"
2018-10-21,0.046285,0.049011,0.043841,0.04414,271,"1,718,240"
2018-10-20,0.041083,0.046275,0.040709,0.046275,498,"1,801,337"
2018-10-19,0.049079,0.055983,0.039462,0.04108,"6,231","1,599,116"
2018-10-18,0.047038,0.050627,0.046594,0.049087,"3,070","1,910,807"
2018-10-17,0.052838,0.052838,0.046245,0.046854,32,"1,823,879"
2018-10-16,0.04748,0.058509,0.047336,0.05269,"2,163","2,051,056"
2018-10-15,0.045979,0.051755,0.04566,0.04753,"1,443","1,850,198"
2018-10-14,0.04819,0.054579,0.044647,0.045586,"1,201","1,774,528"
2018-10-13,0.048529,0.049428,0.046505,0.048178,568,"1,875,434"
2018-10-12,0.047693,0.050667,0.047605,0.048528,"1,433","1,889,043"
2018-10-11,0.061057,0.063018,0.046917,0.047754,"2,059","1,858,917"
2018-10-10,0.056397,0.063144,0.055119,0.061196,312,"2,382,164"
2018-10-09,0.055174,0.060962,0.053878,0.056618,"1,063","2,203,946"
2018-10-08,0.061603,0.062669,0.054984,0.054984,"1,145","2,140,362"
2018-10-07,0.053135,0.061672,0.052865,0.06132,256,"2,386,995"
2018-10-06,0.062265,0.062711,0.052886,0.052939,"3,750","2,060,745"
2018-10-05,0.05257,0.062555,0.052519,0.062126,"1,702","2,418,366"
2018-10-04,0.061244,0.062005,0.052433,0.052433,"1,239","2,041,068"
2018-10-03,0.048617,0.061363,0.048001,0.061172,727,"2,381,222"
2018-10-02,0.053653,0.059538,0.048253,0.048593,397,"1,891,573"
2018-10-01,0.052118,0.059285,0.048603,0.053806,898,"2,094,483"
2018-09-30,0.052689,0.053064,0.050265,0.052274,"2,536","2,034,859"
2018-09-29,0.050942,0.052928,0.050036,0.052708,615,"2,051,745"
2018-09-28,0.0544,0.058839,0.050377,0.050975,269,"1,984,312"
2018-09-27,0.046386,0.055236,0.036938,0.054388,"3,613","2,117,150"
2018-09-26,0.042477,0.051636,0.040802,0.046329,"2,018","1,803,458"
2018-09-25,0.038073,0.042966,0.037457,0.042546,"1,388","1,656,186"
2018-09-24,0.043075,0.043321,0.036301,0.038116,390,"1,483,729"
2018-09-23,0.03925,0.043184,0.029824,0.043065,"8,758","1,676,378"
2018-09-22,0.046716,0.05577,0.039097,0.039231,897,"1,527,124"
2018-09-21,0.044876,0.048152,0.039834,0.04668,"1,175","1,817,087"
2018-09-20,0.040691,0.04736,0.039103,0.044863,"2,329","1,746,376"
2018-09-19,0.039647,0.058226,0.036749,0.040665,"2,944","1,582,973"
2018-09-18,0.036138,0.039604,0.03592,0.039481,"1,142","1,536,864"
2018-09-17,0.039548,0.040406,0.032387,0.036134,"6,091","1,406,591"
2018-09-16,0.03906,0.040163,0.036319,0.039451,"1,186","1,535,708"
2018-09-15,0.036392,0.043052,0.036329,0.038951,"4,363","1,516,236"
2018-09-14,0.038719,0.04354,0.034571,0.036441,"4,066","1,418,859"
2018-09-13,0.042879,0.044467,0.036393,0.038743,"4,096","1,508,498"
2018-09-12,0.048014,0.049429,0.042,0.042842,"2,407","1,668,112"
2018-09-11,0.05567,0.058685,0.04462,0.04801,"4,555","1,869,301"
2018-09-10,0.053898,0.056796,0.048236,0.055648,"1,935","2,166,722"
2018-09-09,0.061812,0.061873,0.050974,0.053926,"6,927","2,099,670"
2018-09-08,0.062715,0.065964,0.061499,0.061841,"10,562","2,407,833"
2018-09-07,0.072504,0.079057,0.06247,0.062638,"9,088","2,438,869"
2018-09-06,0.080992,0.080992,0.069439,0.072584,"1,203","2,826,116"
2018-09-05,0.084617,0.089595,0.068758,0.080881,"3,639","3,149,192"
2018-09-04,0.077819,0.095853,0.070847,0.084548,"12,235","3,291,978"
2018-09-03,0.062718,0.086371,0.061571,0.077818,"7,353","3,029,938"
2018-09-02,0.07222,0.080877,0.061583,0.062733,"15,208","2,442,564"
2018-09-01,0.065557,0.078234,0.064071,0.072186,"1,792","2,810,623"
2018-08-31,0.069803,0.070014,0.060716,0.066644,"3,413","2,594,871"
2018-08-30,0.063178,0.069794,0.062649,0.069735,822,"2,710,542"
2018-08-29,0.067822,0.086069,0.062488,0.063143,"7,312","2,454,338"
2018-08-28,0.063082,0.070279,0.062076,0.067768,"2,560","2,632,654"
2018-08-27,0.058464,0.0632,0.056355,0.0632,896,"2,455,200"
2018-08-26,0.053208,0.067418,0.052249,0.058491,"2,072","2,272,268"
2018-08-25,0.057776,0.058922,0.052586,0.053094,"1,333","2,062,605"
2018-08-24,0.052083,0.05807,0.047774,0.05788,800,"2,248,528"
2018-08-23,0.053992,0.054235,0.051321,0.052041,166,"2,019,471"
2018-08-22,0.052311,0.056512,0.051225,0.053979,"1,637","2,094,664"
2018-08-21,0.054674,0.055525,0.04861,0.0523,"4,773","2,029,534"
2018-08-20,0.055485,0.062418,0.054679,0.054756,909,"2,124,820"
2018-08-19,0.051781,0.055879,0.051124,0.055576,675,"2,156,629"
2018-08-18,0.057536,0.05784,0.051836,0.051855,644,"2,012,257"
2018-08-17,0.04436,0.059286,0.044255,0.057404,"1,693","2,227,596"
2018-08-16,0.048868,0.049235,0.042492,0.044357,426,"1,721,272"
2018-08-15,0.044779,0.055981,0.044768,0.048937,588,"1,899,012"
2018-08-14,0.052353,0.052353,0.043479,0.044816,"1,500","1,739,083"
2018-08-13,0.053614,0.056521,0.04882,0.052401,609,"2,033,426"
2018-08-12,0.050082,0.054673,0.046038,0.053633,"1,187","2,081,242"
2018-08-11,0.049929,0.055473,0.048714,0.050232,"5,830","1,949,276"
2018-08-10,0.055787,0.056048,0.049261,0.049977,725,"1,939,373"
2018-08-09,0.054077,0.056921,0.053192,0.055845,"1,030","2,167,075"
2018-08-08,0.05895,0.060324,0.053076,0.053954,"1,525","2,093,714"
2018-08-07,0.061694,0.06362,0.058885,0.058885,717,"2,285,066"
2018-08-06,0.065694,0.066977,0.060706,0.061718,474,"2,394,967"
2018-08-05,0.062217,0.065715,0.061326,0.065615,140,"2,546,199"
2018-08-04,0.071471,0.071918,0.061713,0.062189,"1,159","2,413,256"
2018-08-03,0.072104,0.072104,0.069212,0.071368,193,"2,769,454"
2018-08-02,0.071687,0.072361,0.066163,0.072112,"1,550","2,798,309"
2018-08-01,0.073511,0.076241,0.06575,0.071648,"2,600","2,780,319"
2018-07-31,0.078089,0.078383,0.070142,0.073446,"1,334","2,850,083"
2018-07-30,0.08195,0.08195,0.074603,0.078237,"2,526","3,036,007"
2018-07-29,0.083269,0.084657,0.075491,0.081902,"3,410","3,178,237"
2018-07-28,0.083204,0.083548,0.079661,0.082935,216,"3,218,315"
2018-07-27,0.075302,0.083061,0.071843,0.083044,"4,172","3,222,568"
2018-07-26,0.070393,0.075343,0.067315,0.075343,679,"2,923,709"
2018-07-25,0.083264,0.093229,0.070434,0.070434,"1,038","2,733,221"
2018-07-24,0.079939,0.09008,0.074847,0.084835,"5,714","3,292,037"
2018-07-23,0.082511,0.086336,0.079819,0.079821,"10,135","3,097,487"
2018-07-22,0.082973,0.085958,0.082265,0.082606,"6,394","3,205,563"
2018-07-21,0.081499,0.08644,0.080453,0.083068,667,"3,223,495"
2018-07-20,0.088088,0.088619,0.080985,0.081518,"1,232","3,163,312"
2018-07-19,0.085203,0.091055,0.081555,0.088021,"1,865","3,415,675"
2018-07-18,0.0916,0.094712,0.085243,0.085243,916,"3,307,885"
2018-07-17,0.078598,0.093313,0.078377,0.091639,"7,141","3,556,096"
2018-07-16,0.072644,0.079291,0.071825,0.078783,"1,729","3,057,195"
2018-07-15,0.058027,0.081059,0.057974,0.072563,"5,160","2,815,846"
2018-07-14,0.081403,0.082002,0.057703,0.058046,165,"2,252,482"
2018-07-13,0.084656,0.085149,0.080782,0.081629,104,"3,167,658"
2018-07-12,0.086277,0.086277,0.077761,0.084572,"1,818","3,281,851"
2018-07-11,0.077879,0.08679,0.077701,0.086296,"1,708","3,348,755"
2018-07-10,0.09076,0.092423,0.077805,0.077852,"4,247","3,021,079"
2018-07-09,0.08717,0.094846,0.082871,0.09167,"4,594","3,557,283"
2018-07-08,0.094741,0.095497,0.086329,0.087188,"2,383","3,383,354"
2018-07-07,0.09381,0.095154,0.089782,0.094846,983,"3,680,540"
2018-07-06,0.095642,0.095689,0.081135,0.09397,"2,360","3,646,516"
2018-07-05,0.096441,0.098146,0.083382,0.095659,"2,919","3,712,078"
2018-07-04,0.085079,0.098215,0.084238,0.096235,185,"3,734,449"
2018-07-03,0.098877,0.10354,0.074471,0.085111,"3,361","3,302,755"
2018-07-02,0.089237,0.099801,0.088725,0.099311,707,"3,853,802"
2018-07-01,0.097196,0.102329,0.08251,0.089153,"5,848","3,459,602"
2018-06-30,0.098633,0.1042,0.096489,0.09716,"6,662","3,770,340"
2018-06-29,0.096464,0.099871,0.092063,0.098409,"3,317","3,818,788"
2018-06-28,0.100241,0.104799,0.095858,0.096402,912,"3,740,925"
2018-06-27,0.099313,0.102023,0.097356,0.100205,"1,707","3,888,486"
2018-06-26,0.106906,0.108323,0.094268,0.099353,"7,402","3,855,428"
2018-06-25,0.108705,0.11071,0.105798,0.106906,"6,542","4,148,521"
2018-06-24,0.109838,0.110908,0.102233,0.108915,"2,871","4,226,481"
2018-06-23,0.106722,0.111472,0.104942,0.109853,"1,713","4,262,880"
2018-06-22,0.122075,0.122179,0.103457,0.106708,"5,952","4,140,837"
2018-06-21,0.125376,0.127694,0.115781,0.12221,"5,086","4,742,397"
2018-06-20,0.12771,0.128754,0.121182,0.12535,"4,594","4,864,246"
2018-06-19,0.11924,0.128749,0.119203,0.127631,"5,028","4,952,761"
2018-06-18,0.124491,0.125077,0.108333,0.119304,"4,881","4,629,629"
2018-06-17,0.111965,0.125835,0.104304,0.124918,"3,896","4,847,482"
2018-06-16,0.11896,0.123452,0.103641,0.11167,"3,124","4,333,389"
2018-06-15,0.122539,0.130894,0.119395,0.119395,"2,148","4,633,160"
2018-06-14,0.114802,0.133717,0.114802,0.122668,"6,798","4,760,170"
2018-06-13,0.125413,0.130171,0.11104,0.114853,"4,837","4,456,907"
2018-06-12,0.139355,0.141207,0.115774,0.125083,"6,073","4,853,885"
2018-06-11,0.14197,0.14197,0.133163,0.13943,"1,729","5,410,625"
2018-06-10,0.14775,0.150907,0.131975,0.141768,"4,699","5,501,352"
2018-06-09,0.145261,0.156653,0.14216,0.147565,"13,142","5,726,306"
2018-06-08,0.147889,0.148537,0.136913,0.145315,"5,366","5,638,994"
2018-06-07,0.149217,0.156323,0.146503,0.147763,"4,052","5,733,990"
2018-06-06,0.14838,0.160297,0.14806,0.149102,"1,952","5,785,950"
2018-06-05,0.141195,0.163822,0.139998,0.14842,"2,969","5,759,485"
2018-06-04,0.156965,0.178279,0.140938,0.141128,"10,045","5,476,516"
2018-06-03,0.15291,0.164133,0.152291,0.156954,"3,387","6,090,649"
2018-06-02,0.148959,0.158979,0.146564,0.152877,"1,448","5,932,440"
2018-06-01,0.153217,0.153757,0.138796,0.149024,"5,639","5,782,923"
2018-05-31,0.147889,0.158269,0.147457,0.153073,"8,893","5,940,046"
2018-05-30,0.158505,0.164838,0.147478,0.147933,"5,373","5,740,587"
2018-05-29,0.156309,0.162724,0.152532,0.158398,"5,505","6,146,684"
2018-05-28,0.167822,0.170276,0.152423,0.156385,"13,798","6,068,569"
2018-05-27,0.169141,0.16921,0.161449,0.167785,"1,550","6,510,950"
2018-05-26,0.164852,0.174773,0.164581,0.169067,"2,522","6,560,698"
2018-05-25,0.180322,0.189818,0.162966,0.165069,"10,436","6,405,554"
2018-05-24,0.188596,0.204291,0.17512,0.179984,"14,712","6,984,336"
2018-05-23,0.207923,0.220839,0.185299,0.189084,"18,126","7,337,464"
2018-05-22,0.207707,0.226059,0.195886,0.208139,"23,225","8,076,899"
2018-05-21,0.213428,0.21589,0.199642,0.207751,"16,518","8,061,843"
2018-05-20,0.183275,0.216953,0.181166,0.213161,"19,765","8,271,780"
2018-05-19,0.202118,0.203987,0.182987,0.183137,"18,625","7,106,689"
2018-05-18,0.176195,0.202148,0.174753,0.202148,"14,126","7,844,417"
2018-05-17,0.178501,0.19753,0.17392,0.176041,"17,216","6,831,326"
2018-05-16,0.161131,0.178391,0.15027,0.178391,"22,445","6,922,519"
2018-05-15,0.165729,0.168472,0.150773,0.162856,"23,254","6,319,678"
2018-05-14,0.166606,0.178961,0.163224,0.166013,"5,663","6,442,187"
2018-05-13,0.183411,0.184088,0.156222,0.166638,"18,296","6,466,440"
2018-05-12,0.166843,0.183476,0.144775,0.183476,"46,969","7,119,844"
2018-05-11,0.192254,0.192254,0.161042,0.167335,"21,965","6,493,487"
2018-05-10,0.202197,0.212023,0.152125,0.192025,"109,488","7,451,590"
2018-05-09,0.230236,0.23799,0.181716,0.202254,"48,780","7,848,530"
2018-05-08,0.256973,0.258594,0.222302,0.230587,"53,620","8,948,001"
2018-05-07,0.258266,0.273493,0.244779,0.256414,"23,427","9,950,226"
2018-05-06,0.291476,0.293401,0.247911,0.256271,"36,865","9,944,677"
2018-05-05,0.295362,0.314874,0.281706,0.285819,"14,997","11,091,296"
2018-05-04,0.302624,0.307605,0.270704,0.295502,"34,116","11,467,048"
2018-05-03,0.289932,0.305367,0.270016,0.302755,"42,177","11,748,503"
2018-05-02,0.265358,0.294958,0.256199,0.289954,"32,776","11,174,436"
2018-05-01,0.272925,0.305535,0.250424,0.26901,"21,954","10,367,282"
2018-04-30,0.312014,0.316572,0.228033,0.272682,"94,849","10,508,795"
2018-04-29,0.337289,0.353794,0.287547,0.312201,"31,596","12,031,804"
2018-04-28,0.343417,0.368727,0.320443,0.328789,"32,468","12,671,083"
2018-04-27,0.355845,0.375068,0.331466,0.344933,"34,813","13,293,251"
2018-04-26,0.340565,0.364571,0.3207,0.354706,"34,075","13,669,889"
2018-04-25,0.37376,0.381958,0.327523,0.331348,"35,664","12,769,704"
2018-04-24,0.329318,0.376432,0.326202,0.376432,"51,146","14,507,180"
2018-04-23,0.370904,0.380858,0.325214,0.336935,"68,981","12,985,019"
2018-04-22,0.37807,0.417344,0.347971,0.371686,"56,783","14,324,276"
2018-04-21,0.39696,0.398868,0.367263,0.378154,"26,105","14,573,544"
2018-04-20,0.405072,0.425598,0.390377,0.396837,"48,784","15,293,561"
2018-04-19,0.39703,0.442661,0.391234,0.404842,"27,220","15,602,063"
2018-04-18,0.364249,0.404066,0.359588,0.396736,"28,697","15,289,669"
2018-04-17,0.349681,0.404213,0.346321,0.363912,"44,946","14,024,676"
2018-04-16,0.334192,0.387427,0.31848,0.349519,"53,231","13,469,989"
2018-04-15,0.305094,0.34707,0.305081,0.334305,"20,258","12,883,662"
2018-04-14,0.31547,0.321552,0.303832,0.304769,"22,563","11,745,385"
2018-04-13,0.320165,0.342716,0.303251,0.315471,"20,990","12,157,826"
2018-04-12,0.294046,0.34026,0.274081,0.319638,"50,103","12,318,416"
2018-04-11,0.300893,0.314736,0.265797,0.290712,"39,000","11,203,647"
2018-04-10,0.320824,0.326962,0.281264,0.300604,"22,451","11,584,871"
2018-04-09,0.295887,0.331592,0.293557,0.320553,"19,981","12,353,679"
2018-04-08,0.287482,0.309569,0.268651,0.295407,"41,549","11,384,586"
2018-04-07,0.256755,0.290919,0.256755,0.287211,"28,077","11,068,723"
2018-04-06,0.248913,0.269241,0.243515,0.247966,"25,760","9,556,274"
2018-04-05,0.251248,0.265398,0.243277,0.250164,"13,745","9,640,982"
2018-04-04,0.282785,0.296773,0.250188,0.251035,"20,049","9,674,549"
2018-04-03,0.260845,0.289154,0.254433,0.282979,"11,628","10,905,628"
2018-04-02,0.248263,0.277841,0.24561,0.260659,"15,251","10,045,445"
2018-04-01,0.278933,0.282234,0.234299,0.247056,"12,330","9,521,204"
2018-03-31,0.272476,0.286095,0.265387,0.278923,"17,965","10,749,315"
2018-03-30,0.265672,0.274619,0.238502,0.272466,"24,060","10,500,471"
2018-03-29,0.294367,0.298568,0.255099,0.266349,"23,342","10,264,730"
2018-03-28,0.280725,0.303109,0.269023,0.293982,"28,984","11,329,669"
2018-03-27,0.300444,0.314948,0.280399,0.280777,"21,791","10,820,766"
2018-03-26,0.307692,0.31481,0.289313,0.300888,"12,479","11,595,816"
2018-03-25,0.307222,0.335157,0.304165,0.307935,"6,584","11,867,398"
2018-03-24,0.323034,0.32976,0.307672,0.311486,"8,782","12,004,249"
2018-03-23,0.324087,0.324211,0.299164,0.318594,"18,682","12,278,182"
2018-03-22,0.331662,0.365396,0.318068,0.324104,"56,090","12,490,530"
2018-03-21,0.342309,0.371967,0.325104,0.332137,"33,524","12,800,111"
2018-03-20,0.322098,0.349468,0.278621,0.341555,"28,703","13,163,068"
2018-03-19,0.309696,0.326365,0.286852,0.318581,"29,539","12,277,681"
2018-03-18,0.267822,0.311788,0.225969,0.311001,"49,738","11,985,558"
2018-03-17,0.308616,0.308616,0.259864,0.268461,"36,502","10,346,124"
2018-03-16,0.307754,0.328251,0.284534,0.30811,"19,092","11,874,143"
2018-03-15,0.310457,0.319996,0.288692,0.307928,"38,215","11,867,129"
2018-03-14,0.366302,0.374507,0.301307,0.311006,"19,929","11,985,750"
2018-03-13,0.333875,0.393756,0.331987,0.365087,"49,498","14,069,959"
2018-03-12,0.349436,0.380424,0.323598,0.335796,"43,417","12,941,124"
2018-03-11,0.325774,0.356886,0.302148,0.350531,"12,243","13,508,991"
2018-03-10,0.33693,0.354225,0.319521,0.326901,"32,492","12,598,322"
2018-03-09,0.339683,0.348331,0.307325,0.336787,"39,751","12,979,315"
2018-03-08,0.38182,0.391401,0.332154,0.341694,"16,542","13,168,424"
2018-03-07,0.413164,0.420851,0.361208,0.382362,"21,814","14,735,714"
2018-03-06,0.464399,0.464399,0.402168,0.413691,"42,428","15,943,091"
2018-03-05,0.46243,0.468493,0.445794,0.465687,"15,479","17,946,947"
2018-03-04,0.502616,0.508433,0.433545,0.462759,"34,871","17,834,106"
2018-03-03,0.48861,0.50915,0.475368,0.503409,"24,394","19,400,702"
2018-03-02,0.491659,0.513551,0.477432,0.489117,"17,191","18,849,907"
2018-03-01,0.462478,0.515263,0.412249,0.504458,"90,691","19,441,129"
2018-02-28,0.456619,0.480716,0.427721,0.461818,"25,607","17,797,841"
2018-02-27,0.44083,0.50104,0.432185,0.457146,"29,616","17,617,788"
2018-02-26,0.390505,0.448443,0.386459,0.43956,"24,243","16,940,048"
2018-02-25,0.374932,0.402487,0.3659,0.390017,"27,019","15,030,728"
2018-02-24,0.387802,0.417725,0.364203,0.375508,"46,437","14,471,570"
2018-02-23,0.36443,0.407612,0.355985,0.395471,"18,901","15,240,917"
2018-02-22,0.422113,0.424143,0.358736,0.364774,"10,383","14,057,896"
2018-02-21,0.437412,0.476793,0.394687,0.422551,"22,363","16,284,544"
2018-02-20,0.494375,0.518357,0.433648,0.437957,"44,012","16,878,270"
2018-02-19,0.478153,0.495124,0.459849,0.493937,"23,209","19,035,664"
2018-02-18,0.537178,0.545296,0.447464,0.480428,"39,085","18,515,045"
2018-02-17,0.53357,0.573371,0.467439,0.535675,"59,244","20,644,190"
2018-02-16,0.542065,0.558002,0.495469,0.533637,"31,268","20,565,648"
2018-02-15,0.462989,0.556367,0.445636,0.544249,"77,672","20,974,621"
2018-02-14,0.356929,0.464495,0.356929,0.462757,"48,552","17,834,029"
2018-02-13,0.384187,0.384187,0.339637,0.364991,"23,070","14,066,260"
2018-02-12,0.327875,0.392314,0.326995,0.383494,"59,683","14,779,340"
2018-02-11,0.38783,0.38783,0.325813,0.325813,"31,929","12,556,393"
2018-02-10,0.439387,0.466802,0.36817,0.388178,"49,550","14,959,855"
2018-02-09,0.425045,0.447473,0.363836,0.439085,"28,065","16,921,742"
2018-02-08,0.373342,0.446743,0.373342,0.423774,"26,266","16,331,677"
2018-02-07,0.379845,0.414988,0.345806,0.37483,"16,039","14,445,441"
2018-02-06,0.356918,0.39137,0.26977,0.383263,"52,107","14,770,438"
2018-02-05,0.442927,0.459026,0.338645,0.356372,"26,065","13,734,095"
2018-02-04,0.450456,0.523115,0.437457,0.447264,"18,933","17,236,950"
2018-02-03,0.409831,0.492975,0.395131,0.450229,"55,864","17,351,217"
2018-02-02,0.452966,0.46902,0.362125,0.408362,"53,946","15,737,719"
2018-02-01,0.517586,0.632552,0.440943,0.453959,"92,749","17,494,966"
2018-01-31,0.548778,0.553688,0.502046,0.516396,"78,196","19,901,204"
2018-01-30,0.754102,0.757658,0.503742,0.536121,"126,981","20,661,379"
2018-01-29,0.743841,0.789715,0.70123,0.753459,"83,594","29,037,291"
2018-01-28,0.781596,0.8705,0.72338,0.737492,"85,638","28,421,945"
2018-01-27,0.687944,0.777608,0.614557,0.777547,"76,925","29,965,610"
2018-01-26,0.767917,0.809419,0.562923,0.6883,"212,850","26,526,151"
2018-01-25,0.817621,0.858388,0.749236,0.769991,"97,178","29,674,412"
2018-01-24,0.785485,0.855837,0.770775,0.804906,"71,071","31,019,989"
2018-01-23,0.817281,0.835972,0.713408,0.785848,"100,439","30,285,520"
2018-01-22,0.866035,0.90083,0.746474,0.819404,"97,251","31,578,722"
2018-01-21,0.993642,0.993642,0.842554,0.854615,"98,464","32,935,707"
2018-01-20,0.891131,1.03,0.84374,0.991315,"75,916","38,203,940"
2018-01-19,0.852169,0.927913,0.825363,0.881807,"92,491","33,983,650"
2018-01-18,0.762462,0.946957,0.724302,0.861126,"253,868","33,186,632"
2018-01-17,0.724465,0.779662,0.548955,0.759307,"234,859","29,262,665"
2018-01-16,1.02,1.02,0.640406,0.751867,"194,134","28,975,938"
2018-01-15,0.987424,1.12,0.936666,1.01,"190,559","39,111,332"
2018-01-14,1.13,1.15,0.991798,0.992658,"239,512","38,255,697"
2018-01-13,1.07,1.18,1.05,1.13,"276,969","43,660,820"
2018-01-12,1.1,1.15,1.03,1.07,"354,418","41,338,866"
2018-01-11,1.24,1.27,0.965567,1.07,"245,287","41,400,143"
2018-01-10,1.17,1.27,1.08,1.27,"536,502","48,867,777"
2018-01-09,1.05,1.23,1.05,1.16,"287,040","44,871,704"
2018-01-08,1.2,1.2,0.978695,1.06,"304,333","40,735,351"
2018-01-07,1.19,1.29,1.04,1.2,"479,148","46,338,485"
2018-01-06,1.01,1.19,0.921233,1.19,"497,726","45,781,216"
2018-01-05,1.19,1.19,0.988863,1.01,"479,090","39,055,837"
2018-01-04,1.23,1.53,1.02,1.19,"532,720","45,892,978"
2018-01-03,1.2,1.29,1.15,1.21,"704,526","46,698,051"
2018-01-02,0.839373,1.17,0.818135,1.17,"773,573","45,169,222"
2018-01-01,0.775867,0.844112,0.751248,0.82904,"237,984","31,950,081"
2017-12-31,0.806567,0.895229,0.679365,0.773236,"425,617","29,799,470"
2017-12-30,0.73715,0.817938,0.597047,0.805233,"356,264","31,032,591"
2017-12-29,0.557397,0.759853,0.552893,0.740068,"461,837","28,521,220"
2017-12-28,0.607179,0.609096,0.526412,0.556211,"148,460","21,435,620"
2017-12-27,0.593355,0.623714,0.564058,0.608407,"164,944","23,447,183"
2017-12-26,0.537571,0.630296,0.521851,0.574041,"135,460","22,122,764"
2017-12-25,0.511051,0.554327,0.46505,0.538258,"217,843","20,743,736"
2017-12-24,0.540948,0.571033,0.453333,0.506089,"209,650","19,503,986"
2017-12-23,0.56822,0.662415,0.500506,0.534568,"359,217","20,601,528"
2017-12-22,0.640601,0.647613,0.453754,0.560138,"221,449","21,586,961"
2017-12-21,0.605703,0.677427,0.581208,0.638392,"274,134","24,602,765"
2017-12-20,0.614452,0.634382,0.556659,0.604167,"295,634","23,283,779"
2017-12-19,0.537456,0.746162,0.537456,0.615589,"415,077","23,723,968"
2017-12-18,0.481177,0.560095,0.45868,0.538764,"294,345","20,763,236"
2017-12-17,0.504184,0.529118,0.473144,0.479836,"126,808","18,492,231"
2017-12-16,0.474834,0.54364,0.422463,0.50409,"203,199","19,426,947"
2017-12-15,0.465955,0.508738,0.460775,0.474259,"104,267","18,277,301"
2017-12-14,0.477224,0.51234,0.438029,0.465119,"139,677","17,925,057"
2017-12-13,0.470715,0.503205,0.445619,0.478514,"177,990","18,441,283"
2017-12-12,0.465002,0.484292,0.440272,0.475933,"95,914","18,341,814"
2017-12-11,0.446388,0.485518,0.429024,0.472523,"158,275","18,210,398"
2017-12-10,0.482851,0.486382,0.411023,0.449102,"88,390","17,307,784"
2017-12-09,0.46241,0.489348,0.422736,0.481203,"115,218","18,544,913"
2017-12-08,0.51407,0.51407,0.394166,0.462582,"107,194","17,827,285"
2017-12-07,0.528601,0.557629,0.463037,0.521588,"192,561","20,101,296"
2017-12-06,0.490765,0.557848,0.433838,0.51463,"292,100","19,833,144"
2017-12-05,0.359407,0.492623,0.349099,0.49092,"127,140","18,919,393"
2017-12-04,0.360132,0.369484,0.329586,0.358701,"53,268","13,823,852"
2017-12-03,0.352134,0.375867,0.337357,0.358987,"106,477","13,834,874"
2017-12-02,0.368693,0.39028,0.348336,0.351804,"57,124","13,558,051"
2017-12-01,0.34596,0.368626,0.324927,0.368626,"94,225","14,206,348"
2017-11-30,0.302222,0.3718,0.295229,0.346649,"78,282","13,359,384"
2017-11-29,0.367146,0.399408,0.296825,0.297766,"120,062","11,475,499"
2017-11-28,0.387806,0.410399,0.366598,0.367455,"108,708","14,161,219"
2017-11-27,0.375708,0.411035,0.375268,0.390262,"94,078","15,040,170"
2017-11-26,0.409294,0.420844,0.375694,0.375694,"123,024","14,478,739"
2017-11-25,0.407152,0.423074,0.394416,0.409479,"98,679","15,780,767"
2017-11-24,0.38012,0.421528,0.355192,0.407778,"167,416","15,715,213"
2017-11-23,0.327153,0.489543,0.319815,0.380753,"299,588","14,673,706"
2017-11-22,0.374518,0.379182,0.323159,0.324232,"216,802","12,495,463"
2017-11-21,0.381708,0.420936,0.355391,0.375115,"139,391","14,456,425"
2017-11-20,0.445313,0.462143,0.375861,0.380291,"286,219","14,655,901"
2017-11-19,0.50108,0.512157,0.437768,0.445118,"404,353","16,848,877"
2017-11-18,0.589575,0.615012,0.471364,0.502786,"501,608","19,031,761"
2017-11-17,0.503209,0.752157,0.446645,0.593265,"1,481,900","22,456,628"
2017-11-16,0.775131,0.796918,0.431771,0.492622,"2,510,480","18,647,028"
2017-11-15,0.537399,0.784566,0.529783,0.775223,"2,620,740","29,344,212"
2017-11-14,0.448361,0.703263,0.446727,0.542238,"2,436,860","20,525,123"
2017-11-13,0.352419,0.500832,0.352419,0.451083,"872,048","17,074,668"
2017-11-12,0.376252,0.420213,0.336186,0.347715,"391,330","13,161,920"
2017-11-11,0.343949,0.39357,0.34353,0.376515,"265,856","14,252,075"
2017-11-10,0.365598,0.400197,0.333753,0.345169,"184,726","13,065,547"
2017-11-09,0.409749,0.438668,0.357709,0.36453,"369,614","13,798,411"
2017-11-08,0.293017,0.410251,0.287297,0.410251,"448,386","15,529,070"
2017-11-07,0.2764,0.306008,0.267692,0.293891,"95,408","11,124,541"
2017-11-06,0.286431,0.297612,0.26531,0.27619,"101,543","10,454,512"
2017-11-05,0.32026,0.328679,0.262244,0.285811,"156,671","10,818,692"
2017-11-04,0.306686,0.358919,0.291952,0.320839,"186,011","12,144,593"
2017-11-03,0.199092,0.351658,0.183822,0.307426,"353,557","11,636,876"
2017-11-02,0.236749,0.23958,0.175863,0.207797,"127,797","7,865,658"
2017-11-01,0.253734,0.279518,0.202666,0.237179,"121,818","8,977,844"
2017-10-31,0.272858,0.290974,0.239435,0.254026,"108,977","9,615,547"
2017-10-30,0.236485,0.293991,0.193311,0.286846,"121,375","10,857,869"
2017-10-29,0.251006,0.264345,0.186113,0.237833,"123,115","9,002,599"
2017-10-28,0.258754,0.27963,0.218354,0.251247,"103,078","9,510,354"
2017-10-27,0.323799,0.324898,0.258091,0.258091,"104,102","9,769,417"
2017-10-26,0.297795,0.326911,0.284012,0.318309,"128,901","12,048,826"
2017-10-25,0.351504,0.362435,0.276598,0.29784,"204,119","11,274,021"
2017-10-24,0.304603,0.379421,0.293637,0.351373,"247,468","13,300,384"
2017-10-23,0.351433,0.351568,0.27781,0.305244,"138,692","11,554,282"
2017-10-22,0.294528,0.382113,0.294528,0.345373,"186,559","13,073,269"
2017-10-21,0.29334,0.314004,0.246186,0.294433,"215,289","11,145,057"
2017-10-20,0.352803,0.377971,0.273056,0.293965,"289,789","11,127,342"
2017-10-19,0.436012,0.487819,0.276557,0.344139,"924,978","13,026,559"
2017-10-18,0.401004,0.533902,0.360096,0.438562,"1,656,830","16,600,716"
2017-10-17,0.246671,0.443819,0.236874,0.401595,"1,041,730","15,201,418"
2017-10-16,0.298244,0.298244,0.217877,0.247189,"301,091","9,356,748"
2017-10-15,0.201523,0.297386,0.198978,0.297386,"388,515","11,256,836"
2017-10-14,0.178497,0.20987,0.156454,0.200853,"148,721","7,602,810"
2017-10-13,0.212582,0.234052,0.170183,0.178447,"235,279","6,754,684"
2017-10-12,0.143139,0.261161,0.143139,0.211981,"337,890",-